{
  "widget": {
    "debug": "OFF",
    "window": {
      "title": "Sample Konfabulator Widget",
      "name": "MY WINDOW",
      "width": 500,
      "height": 500
    },
    "image": {
      "src": "Images/Sun.png",
      "name": "sun1",
      "hOffset": 250,
      "vOffset": 750,
      "alignment": "center"
    },
    "text": {
      "data": "Click Here",
      "size": 36,
      "style": "bold",
      "name": "MY NAME",
      "hOffset": 250,
      "vOffset": 100,
      "alignment": "center",
      "onMouseUp": "sun1.opacity \u003d (sun1.opacity / 100) * 90;"
    }
  }
}